<?xml version="1.1" encoding="UTF-8"?>
<linked-hash-map>
  <entry>
    <string>2</string>
    <Tag plugin="workflow-support@968.v8f17397e87b_8">
      <node class="org.jenkinsci.plugins.workflow.graph.FlowStartNode" plugin="workflow-api@1371.ve334280b_d611">
        <parentIds/>
        <id>2</id>
      </node>
      <actions>
        <wf.a.TimingAction plugin="workflow-api@1371.ve334280b_d611">
          <startTime>1745562127581</startTime>
        </wf.a.TimingAction>
      </actions>
    </Tag>
  </entry>
  <entry>
    <string>3</string>
    <Tag plugin="workflow-support@968.v8f17397e87b_8">
      <node class="cps.n.StepStartNode" plugin="workflow-cps@4080.va_15b_44a_91525">
        <parentIds>
          <string>2</string>
        </parentIds>
        <id>3</id>
        <descriptorId>org.jenkinsci.plugins.workflow.support.steps.ExecutorStep</descriptorId>
      </node>
      <actions>
        <s.a.LogStorageAction/>
        <wf.a.TimingAction plugin="workflow-api@1371.ve334280b_d611">
          <startTime>1745562128217</startTime>
        </wf.a.TimingAction>
        <org.jenkinsci.plugins.workflow.support.steps.ExecutorStepExecution_-QueueItemActionImpl plugin="workflow-durable-task-step@1405.v1fcd4a_d00096">
          <id>112</id>
        </org.jenkinsci.plugins.workflow.support.steps.ExecutorStepExecution_-QueueItemActionImpl>
        <s.a.WorkspaceActionImpl>
          <node></node>
          <path>/var/lib/jenkins/workspace/newif</path>
          <labels class="sorted-set"/>
        </s.a.WorkspaceActionImpl>
      </actions>
    </Tag>
  </entry>
  <entry>
    <string>4</string>
    <Tag plugin="workflow-support@968.v8f17397e87b_8">
      <node class="cps.n.StepStartNode" plugin="workflow-cps@4080.va_15b_44a_91525">
        <parentIds>
          <string>3</string>
        </parentIds>
        <id>4</id>
        <descriptorId>org.jenkinsci.plugins.workflow.support.steps.ExecutorStep</descriptorId>
      </node>
      <actions>
        <wf.a.BodyInvocationAction plugin="workflow-api@1371.ve334280b_d611"/>
        <wf.a.TimingAction plugin="workflow-api@1371.ve334280b_d611">
          <startTime>1745562128257</startTime>
        </wf.a.TimingAction>
      </actions>
    </Tag>
  </entry>
  <entry>
    <string>5</string>
    <Tag plugin="workflow-support@968.v8f17397e87b_8">
      <node class="cps.n.StepStartNode" plugin="workflow-cps@4080.va_15b_44a_91525">
        <parentIds>
          <string>4</string>
        </parentIds>
        <id>5</id>
        <descriptorId>org.jenkinsci.plugins.workflow.steps.EnvStep</descriptorId>
      </node>
      <actions>
        <s.a.LogStorageAction/>
        <cps.a.ArgumentsActionImpl plugin="workflow-cps@4080.va_15b_44a_91525">
          <arguments>
            <entry>
              <string>overrides</string>
              <list>
                <string>PRODUCTION_SERVER=ubuntu@13.233.7.173</string>
                <string>STAGING_SERVER=ubuntu@13.201.39.76</string>
              </list>
            </entry>
          </arguments>
          <sensitiveVariables/>
          <isUnmodifiedBySanitization>true</isUnmodifiedBySanitization>
        </cps.a.ArgumentsActionImpl>
        <wf.a.TimingAction plugin="workflow-api@1371.ve334280b_d611">
          <startTime>1745562128371</startTime>
        </wf.a.TimingAction>
      </actions>
    </Tag>
  </entry>
  <entry>
    <string>6</string>
    <Tag plugin="workflow-support@968.v8f17397e87b_8">
      <node class="cps.n.StepStartNode" plugin="workflow-cps@4080.va_15b_44a_91525">
        <parentIds>
          <string>5</string>
        </parentIds>
        <id>6</id>
        <descriptorId>org.jenkinsci.plugins.workflow.steps.EnvStep</descriptorId>
      </node>
      <actions>
        <wf.a.BodyInvocationAction plugin="workflow-api@1371.ve334280b_d611"/>
        <wf.a.TimingAction plugin="workflow-api@1371.ve334280b_d611">
          <startTime>1745562128374</startTime>
        </wf.a.TimingAction>
      </actions>
    </Tag>
  </entry>
  <entry>
    <string>7</string>
    <Tag plugin="workflow-support@968.v8f17397e87b_8">
      <node class="cps.n.StepStartNode" plugin="workflow-cps@4080.va_15b_44a_91525">
        <parentIds>
          <string>6</string>
        </parentIds>
        <id>7</id>
        <descriptorId>org.jenkinsci.plugins.workflow.support.steps.StageStep</descriptorId>
      </node>
      <actions>
        <s.a.LogStorageAction/>
        <cps.a.ArgumentsActionImpl plugin="workflow-cps@4080.va_15b_44a_91525">
          <arguments>
            <entry>
              <string>name</string>
              <string>Checkout Code</string>
            </entry>
          </arguments>
          <sensitiveVariables/>
          <isUnmodifiedBySanitization>true</isUnmodifiedBySanitization>
        </cps.a.ArgumentsActionImpl>
        <wf.a.TimingAction plugin="workflow-api@1371.ve334280b_d611">
          <startTime>1745562128402</startTime>
        </wf.a.TimingAction>
      </actions>
    </Tag>
  </entry>
  <entry>
    <string>8</string>
    <Tag plugin="workflow-support@968.v8f17397e87b_8">
      <node class="cps.n.StepStartNode" plugin="workflow-cps@4080.va_15b_44a_91525">
        <parentIds>
          <string>7</string>
        </parentIds>
        <id>8</id>
        <descriptorId>org.jenkinsci.plugins.workflow.support.steps.StageStep</descriptorId>
      </node>
      <actions>
        <wf.a.BodyInvocationAction plugin="workflow-api@1371.ve334280b_d611"/>
        <wf.a.LabelAction plugin="workflow-api@1371.ve334280b_d611">
          <displayName>Checkout Code</displayName>
        </wf.a.LabelAction>
        <wf.a.TimingAction plugin="workflow-api@1371.ve334280b_d611">
          <startTime>1745562128404</startTime>
        </wf.a.TimingAction>
      </actions>
    </Tag>
  </entry>
  <entry>
    <string>9</string>
    <Tag plugin="workflow-support@968.v8f17397e87b_8">
      <node class="cps.n.StepAtomNode" plugin="workflow-cps@4080.va_15b_44a_91525">
        <parentIds>
          <string>8</string>
        </parentIds>
        <id>9</id>
        <descriptorId>jenkins.plugins.git.GitStep</descriptorId>
      </node>
      <actions>
        <cps.a.ArgumentsActionImpl plugin="workflow-cps@4080.va_15b_44a_91525">
          <arguments>
            <entry>
              <string>branch</string>
              <string>develop</string>
            </entry>
            <entry>
              <string>url</string>
              <string>https://vigneshrgaipp@bitbucket.org/yogeswaran2796/workflowcheck.git</string>
            </entry>
            <entry>
              <string>credentialsId</string>
              <string>bitbucket</string>
            </entry>
          </arguments>
          <sensitiveVariables/>
          <isUnmodifiedBySanitization>true</isUnmodifiedBySanitization>
        </cps.a.ArgumentsActionImpl>
        <wf.a.TimingAction plugin="workflow-api@1371.ve334280b_d611">
          <startTime>1745562128456</startTime>
        </wf.a.TimingAction>
        <s.a.LogStorageAction/>
      </actions>
    </Tag>
  </entry>
  <entry>
    <string>10</string>
    <Tag plugin="workflow-support@968.v8f17397e87b_8">
      <node class="cps.n.StepEndNode" plugin="workflow-cps@4080.va_15b_44a_91525">
        <parentIds>
          <string>9</string>
        </parentIds>
        <id>10</id>
        <startId>8</startId>
      </node>
      <actions>
        <wf.a.BodyInvocationAction plugin="workflow-api@1371.ve334280b_d611"/>
        <wf.a.TimingAction plugin="workflow-api@1371.ve334280b_d611">
          <startTime>1745562130606</startTime>
        </wf.a.TimingAction>
      </actions>
    </Tag>
  </entry>
  <entry>
    <string>11</string>
    <Tag plugin="workflow-support@968.v8f17397e87b_8">
      <node class="cps.n.StepEndNode" plugin="workflow-cps@4080.va_15b_44a_91525">
        <parentIds>
          <string>10</string>
        </parentIds>
        <id>11</id>
        <startId>7</startId>
      </node>
      <actions>
        <wf.a.TimingAction plugin="workflow-api@1371.ve334280b_d611">
          <startTime>1745562130622</startTime>
        </wf.a.TimingAction>
      </actions>
    </Tag>
  </entry>
  <entry>
    <string>12</string>
    <Tag plugin="workflow-support@968.v8f17397e87b_8">
      <node class="cps.n.StepStartNode" plugin="workflow-cps@4080.va_15b_44a_91525">
        <parentIds>
          <string>11</string>
        </parentIds>
        <id>12</id>
        <descriptorId>org.jenkinsci.plugins.workflow.support.steps.StageStep</descriptorId>
      </node>
      <actions>
        <s.a.LogStorageAction/>
        <cps.a.ArgumentsActionImpl plugin="workflow-cps@4080.va_15b_44a_91525">
          <arguments>
            <entry>
              <string>name</string>
              <string>Build &amp; Deploy</string>
            </entry>
          </arguments>
          <sensitiveVariables/>
          <isUnmodifiedBySanitization>true</isUnmodifiedBySanitization>
        </cps.a.ArgumentsActionImpl>
        <wf.a.TimingAction plugin="workflow-api@1371.ve334280b_d611">
          <startTime>1745562130629</startTime>
        </wf.a.TimingAction>
      </actions>
    </Tag>
  </entry>
  <entry>
    <string>13</string>
    <Tag plugin="workflow-support@968.v8f17397e87b_8">
      <node class="cps.n.StepStartNode" plugin="workflow-cps@4080.va_15b_44a_91525">
        <parentIds>
          <string>12</string>
        </parentIds>
        <id>13</id>
        <descriptorId>org.jenkinsci.plugins.workflow.support.steps.StageStep</descriptorId>
      </node>
      <actions>
        <wf.a.BodyInvocationAction plugin="workflow-api@1371.ve334280b_d611"/>
        <wf.a.LabelAction plugin="workflow-api@1371.ve334280b_d611">
          <displayName>Build &amp; Deploy</displayName>
        </wf.a.LabelAction>
        <wf.a.TimingAction plugin="workflow-api@1371.ve334280b_d611">
          <startTime>1745562130631</startTime>
        </wf.a.TimingAction>
        <wf.a.TagsAction plugin="workflow-api@1371.ve334280b_d611">
          <tags>
            <entry>
              <string>STAGE_STATUS</string>
              <string>FAILED_AND_CONTINUED</string>
            </entry>
          </tags>
        </wf.a.TagsAction>
      </actions>
    </Tag>
  </entry>
  <entry>
    <string>14</string>
    <Tag plugin="workflow-support@968.v8f17397e87b_8">
      <node class="cps.n.StepStartNode" plugin="workflow-cps@4080.va_15b_44a_91525">
        <parentIds>
          <string>13</string>
        </parentIds>
        <id>14</id>
        <descriptorId>org.jenkinsci.plugins.pipeline.modeldefinition.steps.ScriptStep</descriptorId>
      </node>
      <actions>
        <s.a.LogStorageAction/>
        <wf.a.TimingAction plugin="workflow-api@1371.ve334280b_d611">
          <startTime>1745562130647</startTime>
        </wf.a.TimingAction>
      </actions>
    </Tag>
  </entry>
  <entry>
    <string>15</string>
    <Tag plugin="workflow-support@968.v8f17397e87b_8">
      <node class="cps.n.StepStartNode" plugin="workflow-cps@4080.va_15b_44a_91525">
        <parentIds>
          <string>14</string>
        </parentIds>
        <id>15</id>
        <descriptorId>org.jenkinsci.plugins.pipeline.modeldefinition.steps.ScriptStep</descriptorId>
      </node>
      <actions>
        <wf.a.BodyInvocationAction plugin="workflow-api@1371.ve334280b_d611"/>
        <wf.a.TimingAction plugin="workflow-api@1371.ve334280b_d611">
          <startTime>1745562130662</startTime>
        </wf.a.TimingAction>
      </actions>
    </Tag>
  </entry>
  <entry>
    <string>16</string>
    <Tag plugin="workflow-support@968.v8f17397e87b_8">
      <node class="cps.n.StepAtomNode" plugin="workflow-cps@4080.va_15b_44a_91525">
        <parentIds>
          <string>15</string>
        </parentIds>
        <id>16</id>
        <descriptorId>org.jenkinsci.plugins.workflow.steps.EchoStep</descriptorId>
      </node>
      <actions>
        <cps.a.ArgumentsActionImpl plugin="workflow-cps@4080.va_15b_44a_91525">
          <arguments>
            <entry>
              <string>message</string>
              <string>🚀 Deploying &apos;develop&apos; to ubuntu@13.201.39.76</string>
            </entry>
          </arguments>
          <sensitiveVariables/>
          <isUnmodifiedBySanitization>true</isUnmodifiedBySanitization>
        </cps.a.ArgumentsActionImpl>
        <wf.a.TimingAction plugin="workflow-api@1371.ve334280b_d611">
          <startTime>1745562130690</startTime>
        </wf.a.TimingAction>
        <s.a.LogStorageAction/>
      </actions>
    </Tag>
  </entry>
  <entry>
    <string>17</string>
    <Tag plugin="workflow-support@968.v8f17397e87b_8">
      <node class="cps.n.StepStartNode" plugin="workflow-cps@4080.va_15b_44a_91525">
        <parentIds>
          <string>16</string>
        </parentIds>
        <id>17</id>
        <descriptorId>com.cloudbees.jenkins.plugins.sshagent.SSHAgentStep</descriptorId>
      </node>
      <actions>
        <s.a.LogStorageAction/>
        <cps.a.ArgumentsActionImpl plugin="workflow-cps@4080.va_15b_44a_91525">
          <arguments>
            <entry>
              <string>credentials</string>
              <list>
                <string>mine</string>
              </list>
            </entry>
          </arguments>
          <sensitiveVariables/>
          <isUnmodifiedBySanitization>true</isUnmodifiedBySanitization>
        </cps.a.ArgumentsActionImpl>
        <wf.a.TimingAction plugin="workflow-api@1371.ve334280b_d611">
          <startTime>1745562130696</startTime>
        </wf.a.TimingAction>
      </actions>
    </Tag>
  </entry>
  <entry>
    <string>18</string>
    <Tag plugin="workflow-support@968.v8f17397e87b_8">
      <node class="cps.n.StepStartNode" plugin="workflow-cps@4080.va_15b_44a_91525">
        <parentIds>
          <string>17</string>
        </parentIds>
        <id>18</id>
        <descriptorId>com.cloudbees.jenkins.plugins.sshagent.SSHAgentStep</descriptorId>
      </node>
      <actions>
        <wf.a.BodyInvocationAction plugin="workflow-api@1371.ve334280b_d611"/>
        <wf.a.TimingAction plugin="workflow-api@1371.ve334280b_d611">
          <startTime>1745562130743</startTime>
        </wf.a.TimingAction>
      </actions>
    </Tag>
  </entry>
  <entry>
    <string>19</string>
    <Tag plugin="workflow-support@968.v8f17397e87b_8">
      <node class="cps.n.StepAtomNode" plugin="workflow-cps@4080.va_15b_44a_91525">
        <parentIds>
          <string>18</string>
        </parentIds>
        <id>19</id>
        <descriptorId>org.jenkinsci.plugins.workflow.steps.durable_task.ShellStep</descriptorId>
      </node>
      <actions>
        <cps.a.ArgumentsActionImpl plugin="workflow-cps@4080.va_15b_44a_91525">
          <arguments>
            <entry>
              <string>script</string>
              <string>
                            ssh -o StrictHostKeyChecking=no ubuntu@13.201.39.76 &apos;mkdir -p /var/www/html/branch-develop&apos;
                            scp -o StrictHostKeyChecking=no -r * ubuntu@13.201.39.76:/var/www/html/branch-develop/
                            ssh -o StrictHostKeyChecking=no ubuntu@13.201.39.76 &apos;pm2 restart all&apos;
                        </string>
            </entry>
          </arguments>
          <sensitiveVariables/>
          <isUnmodifiedBySanitization>true</isUnmodifiedBySanitization>
        </cps.a.ArgumentsActionImpl>
        <wf.a.TimingAction plugin="workflow-api@1371.ve334280b_d611">
          <startTime>1745562130765</startTime>
        </wf.a.TimingAction>
        <s.a.LogStorageAction/>
        <wf.a.ErrorAction plugin="workflow-api@1371.ve334280b_d611">
          <error class="hudson.AbortException">
            <detailMessage>script returned exit code 1</detailMessage>
            <stackTrace>
              <trace>PluginClassLoader for workflow-durable-task-step//org.jenkinsci.plugins.workflow.steps.durable_task.DurableTaskStep$Execution.handleExit(DurableTaskStep.java:672)</trace>
              <trace>PluginClassLoader for workflow-durable-task-step//org.jenkinsci.plugins.workflow.steps.durable_task.DurableTaskStep$Execution.check(DurableTaskStep.java:618)</trace>
              <trace>PluginClassLoader for workflow-durable-task-step//org.jenkinsci.plugins.workflow.steps.durable_task.DurableTaskStep$Execution.run(DurableTaskStep.java:559)</trace>
              <trace>java.base/java.util.concurrent.Executors$RunnableAdapter.call(Executors.java:572)</trace>
              <trace>java.base/java.util.concurrent.FutureTask.run(FutureTask.java:317)</trace>
              <trace>java.base/java.util.concurrent.ScheduledThreadPoolExecutor$ScheduledFutureTask.run(ScheduledThreadPoolExecutor.java:304)</trace>
              <trace>java.base/java.util.concurrent.ThreadPoolExecutor.runWorker(ThreadPoolExecutor.java:1144)</trace>
              <trace>java.base/java.util.concurrent.ThreadPoolExecutor$Worker.run(ThreadPoolExecutor.java:642)</trace>
              <trace>java.base/java.lang.Thread.run(Thread.java:1583)</trace>
            </stackTrace>
            <suppressedExceptions>
              <wf.a.ErrorAction_-ErrorId>
                <stackTrace/>
                <suppressedExceptions class="empty-list"/>
                <uuid>a8d77ef5-3e72-48ac-a8e7-e077aa211006</uuid>
              </wf.a.ErrorAction_-ErrorId>
            </suppressedExceptions>
          </error>
        </wf.a.ErrorAction>
      </actions>
    </Tag>
  </entry>
  <entry>
    <string>20</string>
    <Tag plugin="workflow-support@968.v8f17397e87b_8">
      <node class="cps.n.StepEndNode" plugin="workflow-cps@4080.va_15b_44a_91525">
        <parentIds>
          <string>19</string>
        </parentIds>
        <id>20</id>
        <startId>18</startId>
      </node>
      <actions>
        <wf.a.BodyInvocationAction plugin="workflow-api@1371.ve334280b_d611"/>
        <wf.a.TimingAction plugin="workflow-api@1371.ve334280b_d611">
          <startTime>1745562132226</startTime>
        </wf.a.TimingAction>
        <wf.a.ErrorAction plugin="workflow-api@1371.ve334280b_d611">
          <error class="hudson.AbortException" reference="../../../../../entry[18]/Tag/actions/wf.a.ErrorAction/error"/>
        </wf.a.ErrorAction>
      </actions>
    </Tag>
  </entry>
  <entry>
    <string>21</string>
    <Tag plugin="workflow-support@968.v8f17397e87b_8">
      <node class="cps.n.StepEndNode" plugin="workflow-cps@4080.va_15b_44a_91525">
        <parentIds>
          <string>20</string>
        </parentIds>
        <id>21</id>
        <startId>17</startId>
      </node>
      <actions>
        <wf.a.TimingAction plugin="workflow-api@1371.ve334280b_d611">
          <startTime>1745562132268</startTime>
        </wf.a.TimingAction>
        <wf.a.ErrorAction plugin="workflow-api@1371.ve334280b_d611">
          <error class="hudson.AbortException" reference="../../../../../entry[18]/Tag/actions/wf.a.ErrorAction/error"/>
        </wf.a.ErrorAction>
      </actions>
    </Tag>
  </entry>
  <entry>
    <string>22</string>
    <Tag plugin="workflow-support@968.v8f17397e87b_8">
      <node class="cps.n.StepEndNode" plugin="workflow-cps@4080.va_15b_44a_91525">
        <parentIds>
          <string>21</string>
        </parentIds>
        <id>22</id>
        <startId>15</startId>
      </node>
      <actions>
        <wf.a.BodyInvocationAction plugin="workflow-api@1371.ve334280b_d611"/>
        <wf.a.TimingAction plugin="workflow-api@1371.ve334280b_d611">
          <startTime>1745562132273</startTime>
        </wf.a.TimingAction>
        <wf.a.ErrorAction plugin="workflow-api@1371.ve334280b_d611">
          <error class="hudson.AbortException" reference="../../../../../entry[18]/Tag/actions/wf.a.ErrorAction/error"/>
        </wf.a.ErrorAction>
      </actions>
    </Tag>
  </entry>
  <entry>
    <string>23</string>
    <Tag plugin="workflow-support@968.v8f17397e87b_8">
      <node class="cps.n.StepEndNode" plugin="workflow-cps@4080.va_15b_44a_91525">
        <parentIds>
          <string>22</string>
        </parentIds>
        <id>23</id>
        <startId>14</startId>
      </node>
      <actions>
        <wf.a.TimingAction plugin="workflow-api@1371.ve334280b_d611">
          <startTime>1745562132292</startTime>
        </wf.a.TimingAction>
        <wf.a.ErrorAction plugin="workflow-api@1371.ve334280b_d611">
          <error class="hudson.AbortException" reference="../../../../../entry[18]/Tag/actions/wf.a.ErrorAction/error"/>
        </wf.a.ErrorAction>
      </actions>
    </Tag>
  </entry>
  <entry>
    <string>24</string>
    <Tag plugin="workflow-support@968.v8f17397e87b_8">
      <node class="cps.n.StepEndNode" plugin="workflow-cps@4080.va_15b_44a_91525">
        <parentIds>
          <string>23</string>
        </parentIds>
        <id>24</id>
        <startId>13</startId>
      </node>
      <actions>
        <wf.a.BodyInvocationAction plugin="workflow-api@1371.ve334280b_d611"/>
        <wf.a.TimingAction plugin="workflow-api@1371.ve334280b_d611">
          <startTime>1745562132331</startTime>
        </wf.a.TimingAction>
        <wf.a.ErrorAction plugin="workflow-api@1371.ve334280b_d611">
          <error class="hudson.AbortException" reference="../../../../../entry[18]/Tag/actions/wf.a.ErrorAction/error"/>
        </wf.a.ErrorAction>
      </actions>
    </Tag>
  </entry>
  <entry>
    <string>25</string>
    <Tag plugin="workflow-support@968.v8f17397e87b_8">
      <node class="cps.n.StepEndNode" plugin="workflow-cps@4080.va_15b_44a_91525">
        <parentIds>
          <string>24</string>
        </parentIds>
        <id>25</id>
        <startId>12</startId>
      </node>
      <actions>
        <wf.a.TimingAction plugin="workflow-api@1371.ve334280b_d611">
          <startTime>1745562132375</startTime>
        </wf.a.TimingAction>
        <wf.a.ErrorAction plugin="workflow-api@1371.ve334280b_d611">
          <error class="hudson.AbortException" reference="../../../../../entry[18]/Tag/actions/wf.a.ErrorAction/error"/>
        </wf.a.ErrorAction>
      </actions>
    </Tag>
  </entry>
  <entry>
    <string>26</string>
    <Tag plugin="workflow-support@968.v8f17397e87b_8">
      <node class="cps.n.StepEndNode" plugin="workflow-cps@4080.va_15b_44a_91525">
        <parentIds>
          <string>25</string>
        </parentIds>
        <id>26</id>
        <startId>6</startId>
      </node>
      <actions>
        <wf.a.BodyInvocationAction plugin="workflow-api@1371.ve334280b_d611"/>
        <wf.a.TimingAction plugin="workflow-api@1371.ve334280b_d611">
          <startTime>1745562132385</startTime>
        </wf.a.TimingAction>
        <wf.a.ErrorAction plugin="workflow-api@1371.ve334280b_d611">
          <error class="hudson.AbortException" reference="../../../../../entry[18]/Tag/actions/wf.a.ErrorAction/error"/>
        </wf.a.ErrorAction>
      </actions>
    </Tag>
  </entry>
  <entry>
    <string>27</string>
    <Tag plugin="workflow-support@968.v8f17397e87b_8">
      <node class="cps.n.StepEndNode" plugin="workflow-cps@4080.va_15b_44a_91525">
        <parentIds>
          <string>26</string>
        </parentIds>
        <id>27</id>
        <startId>5</startId>
      </node>
      <actions>
        <wf.a.TimingAction plugin="workflow-api@1371.ve334280b_d611">
          <startTime>1745562132411</startTime>
        </wf.a.TimingAction>
        <wf.a.ErrorAction plugin="workflow-api@1371.ve334280b_d611">
          <error class="hudson.AbortException" reference="../../../../../entry[18]/Tag/actions/wf.a.ErrorAction/error"/>
        </wf.a.ErrorAction>
      </actions>
    </Tag>
  </entry>
  <entry>
    <string>28</string>
    <Tag plugin="workflow-support@968.v8f17397e87b_8">
      <node class="cps.n.StepEndNode" plugin="workflow-cps@4080.va_15b_44a_91525">
        <parentIds>
          <string>27</string>
        </parentIds>
        <id>28</id>
        <startId>4</startId>
      </node>
      <actions>
        <wf.a.BodyInvocationAction plugin="workflow-api@1371.ve334280b_d611"/>
        <wf.a.TimingAction plugin="workflow-api@1371.ve334280b_d611">
          <startTime>1745562132418</startTime>
        </wf.a.TimingAction>
        <wf.a.ErrorAction plugin="workflow-api@1371.ve334280b_d611">
          <error class="hudson.AbortException" reference="../../../../../entry[18]/Tag/actions/wf.a.ErrorAction/error"/>
        </wf.a.ErrorAction>
      </actions>
    </Tag>
  </entry>
  <entry>
    <string>29</string>
    <Tag plugin="workflow-support@968.v8f17397e87b_8">
      <node class="cps.n.StepEndNode" plugin="workflow-cps@4080.va_15b_44a_91525">
        <parentIds>
          <string>28</string>
        </parentIds>
        <id>29</id>
        <startId>3</startId>
      </node>
      <actions>
        <wf.a.TimingAction plugin="workflow-api@1371.ve334280b_d611">
          <startTime>1745562132455</startTime>
        </wf.a.TimingAction>
        <wf.a.ErrorAction plugin="workflow-api@1371.ve334280b_d611">
          <error class="hudson.AbortException" reference="../../../../../entry[18]/Tag/actions/wf.a.ErrorAction/error"/>
        </wf.a.ErrorAction>
        <wf.a.ErrorAction plugin="workflow-api@1371.ve334280b_d611">
          <error class="hudson.AbortException" reference="../../../../../entry[18]/Tag/actions/wf.a.ErrorAction/error"/>
        </wf.a.ErrorAction>
      </actions>
    </Tag>
  </entry>
  <entry>
    <string>30</string>
    <Tag plugin="workflow-support@968.v8f17397e87b_8">
      <node class="org.jenkinsci.plugins.workflow.graph.FlowEndNode" plugin="workflow-api@1371.ve334280b_d611">
        <parentIds>
          <string>29</string>
        </parentIds>
        <id>30</id>
        <startId>2</startId>
        <result>
          <name>FAILURE</name>
          <ordinal>2</ordinal>
          <color>RED</color>
          <completeBuild>true</completeBuild>
        </result>
      </node>
      <actions>
        <wf.a.ErrorAction plugin="workflow-api@1371.ve334280b_d611">
          <error class="hudson.AbortException" reference="../../../../../entry[18]/Tag/actions/wf.a.ErrorAction/error"/>
        </wf.a.ErrorAction>
        <wf.a.TimingAction plugin="workflow-api@1371.ve334280b_d611">
          <startTime>1745562132464</startTime>
        </wf.a.TimingAction>
      </actions>
    </Tag>
  </entry>
</linked-hash-map>