<?xml version="1.1" encoding="UTF-8"?>
<linked-hash-map>
  <entry>
    <string>2</string>
    <Tag plugin="workflow-support@968.v8f17397e87b_8">
      <node class="org.jenkinsci.plugins.workflow.graph.FlowStartNode" plugin="workflow-api@1371.ve334280b_d611">
        <parentIds/>
        <id>2</id>
      </node>
      <actions>
        <wf.a.TimingAction plugin="workflow-api@1371.ve334280b_d611">
          <startTime>1745562881260</startTime>
        </wf.a.TimingAction>
      </actions>
    </Tag>
  </entry>
  <entry>
    <string>3</string>
    <Tag plugin="workflow-support@968.v8f17397e87b_8">
      <node class="cps.n.StepStartNode" plugin="workflow-cps@4080.va_15b_44a_91525">
        <parentIds>
          <string>2</string>
        </parentIds>
        <id>3</id>
        <descriptorId>org.jenkinsci.plugins.workflow.support.steps.ExecutorStep</descriptorId>
      </node>
      <actions>
        <s.a.LogStorageAction/>
        <wf.a.TimingAction plugin="workflow-api@1371.ve334280b_d611">
          <startTime>1745562881504</startTime>
        </wf.a.TimingAction>
        <org.jenkinsci.plugins.workflow.support.steps.ExecutorStepExecution_-QueueItemActionImpl plugin="workflow-durable-task-step@1405.v1fcd4a_d00096">
          <id>122</id>
        </org.jenkinsci.plugins.workflow.support.steps.ExecutorStepExecution_-QueueItemActionImpl>
        <s.a.WorkspaceActionImpl>
          <node></node>
          <path>/var/lib/jenkins/workspace/newif</path>
          <labels class="sorted-set"/>
        </s.a.WorkspaceActionImpl>
      </actions>
    </Tag>
  </entry>
  <entry>
    <string>4</string>
    <Tag plugin="workflow-support@968.v8f17397e87b_8">
      <node class="cps.n.StepStartNode" plugin="workflow-cps@4080.va_15b_44a_91525">
        <parentIds>
          <string>3</string>
        </parentIds>
        <id>4</id>
        <descriptorId>org.jenkinsci.plugins.workflow.support.steps.ExecutorStep</descriptorId>
      </node>
      <actions>
        <wf.a.BodyInvocationAction plugin="workflow-api@1371.ve334280b_d611"/>
        <wf.a.TimingAction plugin="workflow-api@1371.ve334280b_d611">
          <startTime>1745562881539</startTime>
        </wf.a.TimingAction>
      </actions>
    </Tag>
  </entry>
  <entry>
    <string>5</string>
    <Tag plugin="workflow-support@968.v8f17397e87b_8">
      <node class="cps.n.StepStartNode" plugin="workflow-cps@4080.va_15b_44a_91525">
        <parentIds>
          <string>4</string>
        </parentIds>
        <id>5</id>
        <descriptorId>org.jenkinsci.plugins.workflow.steps.EnvStep</descriptorId>
      </node>
      <actions>
        <s.a.LogStorageAction/>
        <cps.a.ArgumentsActionImpl plugin="workflow-cps@4080.va_15b_44a_91525">
          <arguments>
            <entry>
              <string>overrides</string>
              <list>
                <string>PRODUCTION_SERVER=ubuntu@13.233.7.173</string>
                <string>STAGING_SERVER=ubuntu@13.201.39.76</string>
              </list>
            </entry>
          </arguments>
          <sensitiveVariables/>
          <isUnmodifiedBySanitization>true</isUnmodifiedBySanitization>
        </cps.a.ArgumentsActionImpl>
        <wf.a.TimingAction plugin="workflow-api@1371.ve334280b_d611">
          <startTime>1745562881565</startTime>
        </wf.a.TimingAction>
      </actions>
    </Tag>
  </entry>
  <entry>
    <string>6</string>
    <Tag plugin="workflow-support@968.v8f17397e87b_8">
      <node class="cps.n.StepStartNode" plugin="workflow-cps@4080.va_15b_44a_91525">
        <parentIds>
          <string>5</string>
        </parentIds>
        <id>6</id>
        <descriptorId>org.jenkinsci.plugins.workflow.steps.EnvStep</descriptorId>
      </node>
      <actions>
        <wf.a.BodyInvocationAction plugin="workflow-api@1371.ve334280b_d611"/>
        <wf.a.TimingAction plugin="workflow-api@1371.ve334280b_d611">
          <startTime>1745562881566</startTime>
        </wf.a.TimingAction>
      </actions>
    </Tag>
  </entry>
  <entry>
    <string>7</string>
    <Tag plugin="workflow-support@968.v8f17397e87b_8">
      <node class="cps.n.StepStartNode" plugin="workflow-cps@4080.va_15b_44a_91525">
        <parentIds>
          <string>6</string>
        </parentIds>
        <id>7</id>
        <descriptorId>org.jenkinsci.plugins.workflow.support.steps.StageStep</descriptorId>
      </node>
      <actions>
        <s.a.LogStorageAction/>
        <cps.a.ArgumentsActionImpl plugin="workflow-cps@4080.va_15b_44a_91525">
          <arguments>
            <entry>
              <string>name</string>
              <string>Checkout Code</string>
            </entry>
          </arguments>
          <sensitiveVariables/>
          <isUnmodifiedBySanitization>true</isUnmodifiedBySanitization>
        </cps.a.ArgumentsActionImpl>
        <wf.a.TimingAction plugin="workflow-api@1371.ve334280b_d611">
          <startTime>1745562881608</startTime>
        </wf.a.TimingAction>
      </actions>
    </Tag>
  </entry>
  <entry>
    <string>8</string>
    <Tag plugin="workflow-support@968.v8f17397e87b_8">
      <node class="cps.n.StepStartNode" plugin="workflow-cps@4080.va_15b_44a_91525">
        <parentIds>
          <string>7</string>
        </parentIds>
        <id>8</id>
        <descriptorId>org.jenkinsci.plugins.workflow.support.steps.StageStep</descriptorId>
      </node>
      <actions>
        <wf.a.BodyInvocationAction plugin="workflow-api@1371.ve334280b_d611"/>
        <wf.a.LabelAction plugin="workflow-api@1371.ve334280b_d611">
          <displayName>Checkout Code</displayName>
        </wf.a.LabelAction>
        <wf.a.TimingAction plugin="workflow-api@1371.ve334280b_d611">
          <startTime>1745562881611</startTime>
        </wf.a.TimingAction>
      </actions>
    </Tag>
  </entry>
  <entry>
    <string>9</string>
    <Tag plugin="workflow-support@968.v8f17397e87b_8">
      <node class="cps.n.StepAtomNode" plugin="workflow-cps@4080.va_15b_44a_91525">
        <parentIds>
          <string>8</string>
        </parentIds>
        <id>9</id>
        <descriptorId>jenkins.plugins.git.GitStep</descriptorId>
      </node>
      <actions>
        <cps.a.ArgumentsActionImpl plugin="workflow-cps@4080.va_15b_44a_91525">
          <arguments>
            <entry>
              <string>branch</string>
              <string>develop</string>
            </entry>
            <entry>
              <string>url</string>
              <string>https://vigneshrgaipp@bitbucket.org/yogeswaran2796/workflowcheck.git</string>
            </entry>
            <entry>
              <string>credentialsId</string>
              <string>bitbucket</string>
            </entry>
          </arguments>
          <sensitiveVariables/>
          <isUnmodifiedBySanitization>true</isUnmodifiedBySanitization>
        </cps.a.ArgumentsActionImpl>
        <wf.a.TimingAction plugin="workflow-api@1371.ve334280b_d611">
          <startTime>1745562881659</startTime>
        </wf.a.TimingAction>
        <s.a.LogStorageAction/>
      </actions>
    </Tag>
  </entry>
  <entry>
    <string>10</string>
    <Tag plugin="workflow-support@968.v8f17397e87b_8">
      <node class="cps.n.StepEndNode" plugin="workflow-cps@4080.va_15b_44a_91525">
        <parentIds>
          <string>9</string>
        </parentIds>
        <id>10</id>
        <startId>8</startId>
      </node>
      <actions>
        <wf.a.BodyInvocationAction plugin="workflow-api@1371.ve334280b_d611"/>
        <wf.a.TimingAction plugin="workflow-api@1371.ve334280b_d611">
          <startTime>1745562883179</startTime>
        </wf.a.TimingAction>
      </actions>
    </Tag>
  </entry>
  <entry>
    <string>11</string>
    <Tag plugin="workflow-support@968.v8f17397e87b_8">
      <node class="cps.n.StepEndNode" plugin="workflow-cps@4080.va_15b_44a_91525">
        <parentIds>
          <string>10</string>
        </parentIds>
        <id>11</id>
        <startId>7</startId>
      </node>
      <actions>
        <wf.a.TimingAction plugin="workflow-api@1371.ve334280b_d611">
          <startTime>1745562883196</startTime>
        </wf.a.TimingAction>
      </actions>
    </Tag>
  </entry>
  <entry>
    <string>12</string>
    <Tag plugin="workflow-support@968.v8f17397e87b_8">
      <node class="cps.n.StepStartNode" plugin="workflow-cps@4080.va_15b_44a_91525">
        <parentIds>
          <string>11</string>
        </parentIds>
        <id>12</id>
        <descriptorId>org.jenkinsci.plugins.workflow.support.steps.StageStep</descriptorId>
      </node>
      <actions>
        <s.a.LogStorageAction/>
        <cps.a.ArgumentsActionImpl plugin="workflow-cps@4080.va_15b_44a_91525">
          <arguments>
            <entry>
              <string>name</string>
              <string>Build &amp; Deploy</string>
            </entry>
          </arguments>
          <sensitiveVariables/>
          <isUnmodifiedBySanitization>true</isUnmodifiedBySanitization>
        </cps.a.ArgumentsActionImpl>
        <wf.a.TimingAction plugin="workflow-api@1371.ve334280b_d611">
          <startTime>1745562883203</startTime>
        </wf.a.TimingAction>
      </actions>
    </Tag>
  </entry>
  <entry>
    <string>13</string>
    <Tag plugin="workflow-support@968.v8f17397e87b_8">
      <node class="cps.n.StepStartNode" plugin="workflow-cps@4080.va_15b_44a_91525">
        <parentIds>
          <string>12</string>
        </parentIds>
        <id>13</id>
        <descriptorId>org.jenkinsci.plugins.workflow.support.steps.StageStep</descriptorId>
      </node>
      <actions>
        <wf.a.BodyInvocationAction plugin="workflow-api@1371.ve334280b_d611"/>
        <wf.a.LabelAction plugin="workflow-api@1371.ve334280b_d611">
          <displayName>Build &amp; Deploy</displayName>
        </wf.a.LabelAction>
        <wf.a.TimingAction plugin="workflow-api@1371.ve334280b_d611">
          <startTime>1745562883205</startTime>
        </wf.a.TimingAction>
      </actions>
    </Tag>
  </entry>
  <entry>
    <string>14</string>
    <Tag plugin="workflow-support@968.v8f17397e87b_8">
      <node class="cps.n.StepStartNode" plugin="workflow-cps@4080.va_15b_44a_91525">
        <parentIds>
          <string>13</string>
        </parentIds>
        <id>14</id>
        <descriptorId>org.jenkinsci.plugins.pipeline.modeldefinition.steps.ScriptStep</descriptorId>
      </node>
      <actions>
        <s.a.LogStorageAction/>
        <wf.a.TimingAction plugin="workflow-api@1371.ve334280b_d611">
          <startTime>1745562883224</startTime>
        </wf.a.TimingAction>
      </actions>
    </Tag>
  </entry>
  <entry>
    <string>15</string>
    <Tag plugin="workflow-support@968.v8f17397e87b_8">
      <node class="cps.n.StepStartNode" plugin="workflow-cps@4080.va_15b_44a_91525">
        <parentIds>
          <string>14</string>
        </parentIds>
        <id>15</id>
        <descriptorId>org.jenkinsci.plugins.pipeline.modeldefinition.steps.ScriptStep</descriptorId>
      </node>
      <actions>
        <wf.a.BodyInvocationAction plugin="workflow-api@1371.ve334280b_d611"/>
        <wf.a.TimingAction plugin="workflow-api@1371.ve334280b_d611">
          <startTime>1745562883235</startTime>
        </wf.a.TimingAction>
      </actions>
    </Tag>
  </entry>
  <entry>
    <string>16</string>
    <Tag plugin="workflow-support@968.v8f17397e87b_8">
      <node class="cps.n.StepAtomNode" plugin="workflow-cps@4080.va_15b_44a_91525">
        <parentIds>
          <string>15</string>
        </parentIds>
        <id>16</id>
        <descriptorId>org.jenkinsci.plugins.workflow.steps.EchoStep</descriptorId>
      </node>
      <actions>
        <cps.a.ArgumentsActionImpl plugin="workflow-cps@4080.va_15b_44a_91525">
          <arguments>
            <entry>
              <string>message</string>
              <string>🚀 Deploying &apos;develop&apos; to ubuntu@13.201.39.76</string>
            </entry>
          </arguments>
          <sensitiveVariables/>
          <isUnmodifiedBySanitization>true</isUnmodifiedBySanitization>
        </cps.a.ArgumentsActionImpl>
        <wf.a.TimingAction plugin="workflow-api@1371.ve334280b_d611">
          <startTime>1745562883261</startTime>
        </wf.a.TimingAction>
        <s.a.LogStorageAction/>
      </actions>
    </Tag>
  </entry>
  <entry>
    <string>17</string>
    <Tag plugin="workflow-support@968.v8f17397e87b_8">
      <node class="cps.n.StepStartNode" plugin="workflow-cps@4080.va_15b_44a_91525">
        <parentIds>
          <string>16</string>
        </parentIds>
        <id>17</id>
        <descriptorId>com.cloudbees.jenkins.plugins.sshagent.SSHAgentStep</descriptorId>
      </node>
      <actions>
        <s.a.LogStorageAction/>
        <cps.a.ArgumentsActionImpl plugin="workflow-cps@4080.va_15b_44a_91525">
          <arguments>
            <entry>
              <string>credentials</string>
              <list>
                <string>mine</string>
              </list>
            </entry>
          </arguments>
          <sensitiveVariables/>
          <isUnmodifiedBySanitization>true</isUnmodifiedBySanitization>
        </cps.a.ArgumentsActionImpl>
        <wf.a.TimingAction plugin="workflow-api@1371.ve334280b_d611">
          <startTime>1745562883266</startTime>
        </wf.a.TimingAction>
      </actions>
    </Tag>
  </entry>
  <entry>
    <string>18</string>
    <Tag plugin="workflow-support@968.v8f17397e87b_8">
      <node class="cps.n.StepStartNode" plugin="workflow-cps@4080.va_15b_44a_91525">
        <parentIds>
          <string>17</string>
        </parentIds>
        <id>18</id>
        <descriptorId>com.cloudbees.jenkins.plugins.sshagent.SSHAgentStep</descriptorId>
      </node>
      <actions>
        <wf.a.BodyInvocationAction plugin="workflow-api@1371.ve334280b_d611"/>
        <wf.a.TimingAction plugin="workflow-api@1371.ve334280b_d611">
          <startTime>1745562883301</startTime>
        </wf.a.TimingAction>
      </actions>
    </Tag>
  </entry>
  <entry>
    <string>19</string>
    <Tag plugin="workflow-support@968.v8f17397e87b_8">
      <node class="cps.n.StepAtomNode" plugin="workflow-cps@4080.va_15b_44a_91525">
        <parentIds>
          <string>18</string>
        </parentIds>
        <id>19</id>
        <descriptorId>org.jenkinsci.plugins.workflow.steps.durable_task.ShellStep</descriptorId>
      </node>
      <actions>
        <cps.a.ArgumentsActionImpl plugin="workflow-cps@4080.va_15b_44a_91525">
          <arguments>
            <entry>
              <string>script</string>
              <string>
                            ssh -o StrictHostKeyChecking=no ubuntu@13.201.39.76 &apos;mkdir -p /var/www/html/branch-develop&apos;
                            scp -o StrictHostKeyChecking=no -r * ubuntu@13.201.39.76:/var/www/html/branch-develop/
                        </string>
            </entry>
          </arguments>
          <sensitiveVariables/>
          <isUnmodifiedBySanitization>true</isUnmodifiedBySanitization>
        </cps.a.ArgumentsActionImpl>
        <wf.a.TimingAction plugin="workflow-api@1371.ve334280b_d611">
          <startTime>1745562883317</startTime>
        </wf.a.TimingAction>
        <s.a.LogStorageAction/>
      </actions>
    </Tag>
  </entry>
  <entry>
    <string>20</string>
    <Tag plugin="workflow-support@968.v8f17397e87b_8">
      <node class="cps.n.StepEndNode" plugin="workflow-cps@4080.va_15b_44a_91525">
        <parentIds>
          <string>19</string>
        </parentIds>
        <id>20</id>
        <startId>18</startId>
      </node>
      <actions>
        <wf.a.BodyInvocationAction plugin="workflow-api@1371.ve334280b_d611"/>
        <wf.a.TimingAction plugin="workflow-api@1371.ve334280b_d611">
          <startTime>1745562885850</startTime>
        </wf.a.TimingAction>
      </actions>
    </Tag>
  </entry>
  <entry>
    <string>21</string>
    <Tag plugin="workflow-support@968.v8f17397e87b_8">
      <node class="cps.n.StepEndNode" plugin="workflow-cps@4080.va_15b_44a_91525">
        <parentIds>
          <string>20</string>
        </parentIds>
        <id>21</id>
        <startId>17</startId>
      </node>
      <actions>
        <wf.a.TimingAction plugin="workflow-api@1371.ve334280b_d611">
          <startTime>1745562885893</startTime>
        </wf.a.TimingAction>
      </actions>
    </Tag>
  </entry>
  <entry>
    <string>22</string>
    <Tag plugin="workflow-support@968.v8f17397e87b_8">
      <node class="cps.n.StepEndNode" plugin="workflow-cps@4080.va_15b_44a_91525">
        <parentIds>
          <string>21</string>
        </parentIds>
        <id>22</id>
        <startId>15</startId>
      </node>
      <actions>
        <wf.a.BodyInvocationAction plugin="workflow-api@1371.ve334280b_d611"/>
        <wf.a.TimingAction plugin="workflow-api@1371.ve334280b_d611">
          <startTime>1745562885898</startTime>
        </wf.a.TimingAction>
      </actions>
    </Tag>
  </entry>
  <entry>
    <string>23</string>
    <Tag plugin="workflow-support@968.v8f17397e87b_8">
      <node class="cps.n.StepEndNode" plugin="workflow-cps@4080.va_15b_44a_91525">
        <parentIds>
          <string>22</string>
        </parentIds>
        <id>23</id>
        <startId>14</startId>
      </node>
      <actions>
        <wf.a.TimingAction plugin="workflow-api@1371.ve334280b_d611">
          <startTime>1745562885915</startTime>
        </wf.a.TimingAction>
      </actions>
    </Tag>
  </entry>
  <entry>
    <string>24</string>
    <Tag plugin="workflow-support@968.v8f17397e87b_8">
      <node class="cps.n.StepEndNode" plugin="workflow-cps@4080.va_15b_44a_91525">
        <parentIds>
          <string>23</string>
        </parentIds>
        <id>24</id>
        <startId>13</startId>
      </node>
      <actions>
        <wf.a.BodyInvocationAction plugin="workflow-api@1371.ve334280b_d611"/>
        <wf.a.TimingAction plugin="workflow-api@1371.ve334280b_d611">
          <startTime>1745562885920</startTime>
        </wf.a.TimingAction>
      </actions>
    </Tag>
  </entry>
  <entry>
    <string>25</string>
    <Tag plugin="workflow-support@968.v8f17397e87b_8">
      <node class="cps.n.StepEndNode" plugin="workflow-cps@4080.va_15b_44a_91525">
        <parentIds>
          <string>24</string>
        </parentIds>
        <id>25</id>
        <startId>12</startId>
      </node>
      <actions>
        <wf.a.TimingAction plugin="workflow-api@1371.ve334280b_d611">
          <startTime>1745562885935</startTime>
        </wf.a.TimingAction>
      </actions>
    </Tag>
  </entry>
  <entry>
    <string>26</string>
    <Tag plugin="workflow-support@968.v8f17397e87b_8">
      <node class="cps.n.StepEndNode" plugin="workflow-cps@4080.va_15b_44a_91525">
        <parentIds>
          <string>25</string>
        </parentIds>
        <id>26</id>
        <startId>6</startId>
      </node>
      <actions>
        <wf.a.BodyInvocationAction plugin="workflow-api@1371.ve334280b_d611"/>
        <wf.a.TimingAction plugin="workflow-api@1371.ve334280b_d611">
          <startTime>1745562885941</startTime>
        </wf.a.TimingAction>
      </actions>
    </Tag>
  </entry>
  <entry>
    <string>27</string>
    <Tag plugin="workflow-support@968.v8f17397e87b_8">
      <node class="cps.n.StepEndNode" plugin="workflow-cps@4080.va_15b_44a_91525">
        <parentIds>
          <string>26</string>
        </parentIds>
        <id>27</id>
        <startId>5</startId>
      </node>
      <actions>
        <wf.a.TimingAction plugin="workflow-api@1371.ve334280b_d611">
          <startTime>1745562885958</startTime>
        </wf.a.TimingAction>
      </actions>
    </Tag>
  </entry>
  <entry>
    <string>28</string>
    <Tag plugin="workflow-support@968.v8f17397e87b_8">
      <node class="cps.n.StepEndNode" plugin="workflow-cps@4080.va_15b_44a_91525">
        <parentIds>
          <string>27</string>
        </parentIds>
        <id>28</id>
        <startId>4</startId>
      </node>
      <actions>
        <wf.a.BodyInvocationAction plugin="workflow-api@1371.ve334280b_d611"/>
        <wf.a.TimingAction plugin="workflow-api@1371.ve334280b_d611">
          <startTime>1745562885962</startTime>
        </wf.a.TimingAction>
      </actions>
    </Tag>
  </entry>
  <entry>
    <string>29</string>
    <Tag plugin="workflow-support@968.v8f17397e87b_8">
      <node class="cps.n.StepEndNode" plugin="workflow-cps@4080.va_15b_44a_91525">
        <parentIds>
          <string>28</string>
        </parentIds>
        <id>29</id>
        <startId>3</startId>
      </node>
      <actions>
        <wf.a.TimingAction plugin="workflow-api@1371.ve334280b_d611">
          <startTime>1745562885987</startTime>
        </wf.a.TimingAction>
      </actions>
    </Tag>
  </entry>
  <entry>
    <string>30</string>
    <Tag plugin="workflow-support@968.v8f17397e87b_8">
      <node class="org.jenkinsci.plugins.workflow.graph.FlowEndNode" plugin="workflow-api@1371.ve334280b_d611">
        <parentIds>
          <string>29</string>
        </parentIds>
        <id>30</id>
        <startId>2</startId>
        <result>
          <name>SUCCESS</name>
          <ordinal>0</ordinal>
          <color>BLUE</color>
          <completeBuild>true</completeBuild>
        </result>
      </node>
      <actions>
        <wf.a.TimingAction plugin="workflow-api@1371.ve334280b_d611">
          <startTime>1745562885992</startTime>
        </wf.a.TimingAction>
      </actions>
    </Tag>
  </entry>
</linked-hash-map>